sessionID,formId,totalKeyInputs,totalTimeSpentOnPage,browser_width,browser_height,pixel_ratio,user_agent,platform,language,timezone,mousespeed_sd,keystroke_sd
n6vo4j2ve,login-form,25,33113,1920,911,1,"Mozilla/5.0 (Windows NT 10.0; Win64; x64) AppleWebKit/537.36 (KHTML, like Gecko) Chrome/132.0.0.0 Safari/537.36",Win32,en-US,GMT+8,2079.19157777918,664.8988840731098
n6vo4j2ve,login-form,34,55728,1920,911,1,"Mozilla/5.0 (Windows NT 10.0; Win64; x64) AppleWebKit/537.36 (KHTML, like Gecko) Chrome/132.0.0.0 Safari/537.36",Win32,en-US,GMT+8,556.708406082649,348.6144976220148
n6vo4j2ve,login-form,80,82024,1920,911,1,"Mozilla/5.0 (Windows NT 10.0; Win64; x64) AppleWebKit/537.36 (KHTML, like Gecko) Chrome/132.0.0.0 Safari/537.36",Win32,en-US,GMT+8,880.9442064708101,192.72137889458864
n6vo4j2ve,login-form,39,90116,1920,911,1,"Mozilla/5.0 (Windows NT 10.0; Win64; x64) AppleWebKit/537.36 (KHTML, like Gecko) Chrome/132.0.0.0 Safari/537.36",Win32,en-US,GMT+8,707.4809549155101,231.3968916561846
n6vo4j2ve,login-form,13,104820,1920,911,1,"Mozilla/5.0 (Windows NT 10.0; Win64; x64) AppleWebKit/537.36 (KHTML, like Gecko) Chrome/132.0.0.0 Safari/537.36",Win32,en-US,GMT+8,1362.100167595366,295.52223078626236
n6vo4j2ve,login-form,21,129499,1920,911,1,"Mozilla/5.0 (Windows NT 10.0; Win64; x64) AppleWebKit/537.36 (KHTML, like Gecko) Chrome/132.0.0.0 Safari/537.36",Win32,en-US,GMT+8,373.5150897082255,624.1553071952525
n6vo4j2ve,login-form,70,147747,1920,911,1,"Mozilla/5.0 (Windows NT 10.0; Win64; x64) AppleWebKit/537.36 (KHTML, like Gecko) Chrome/132.0.0.0 Safari/537.36",Win32,en-US,GMT+8,497.1704575735438,213.87327995375412
n6vo4j2ve,login-form,13,6848,952,687,1,"Mozilla/5.0 (Windows NT 10.0; Win64; x64) AppleWebKit/537.36 (KHTML, like Gecko) Chrome/132.0.0.0 Safari/537.36",Win32,en-US,GMT+8,529.1621874739761,338.78659088970255
n6vo4j2ve,login-form,37,28069,1516,737,1,"Mozilla/5.0 (Windows NT 10.0; Win64; x64) AppleWebKit/537.36 (KHTML, like Gecko) Chrome/132.0.0.0 Safari/537.36",Win32,en-US,GMT+8,655.7798960499189,299.1742442040453
n6vo4j2ve,login-form,39,35702,1516,737,1,"Mozilla/5.0 (Windows NT 10.0; Win64; x64) AppleWebKit/537.36 (KHTML, like Gecko) Chrome/132.0.0.0 Safari/537.36",Win32,en-US,GMT+8,286.5304491436845,202.9956486713481
n6vo4j2ve,login-form,12,7103,500,515,1,"Mozilla/5.0 (Windows NT 10.0; Win64; x64) AppleWebKit/537.36 (KHTML, like Gecko) Chrome/132.0.0.0 Safari/537.36",Win32,en-US,GMT+8,251.89498644256463,362.38735496885414
n6vo4j2ve,login-form,21,10595,500,515,1,"Mozilla/5.0 (Windows NT 10.0; Win64; x64) AppleWebKit/537.36 (KHTML, like Gecko) Chrome/132.0.0.0 Safari/537.36",Win32,en-US,GMT+8,189.29957702591688,207.88253293627147
n6vo4j2ve,login-form,49,43235,500,515,1,"Mozilla/5.0 (Windows NT 10.0; Win64; x64) AppleWebKit/537.36 (KHTML, like Gecko) Chrome/132.0.0.0 Safari/537.36",Win32,en-US,GMT+8,546.4239303087467,342.6177615879766
n6vo4j2ve,login-form,16,51063,500,515,1,"Mozilla/5.0 (Windows NT 10.0; Win64; x64) AppleWebKit/537.36 (KHTML, like Gecko) Chrome/132.0.0.0 Safari/537.36",Win32,en-US,GMT+8,238.53485169622982,386.4057970579634
n6vo4j2ve,login-form,26,66727,500,515,1,"Mozilla/5.0 (Windows NT 10.0; Win64; x64) AppleWebKit/537.36 (KHTML, like Gecko) Chrome/132.0.0.0 Safari/537.36",Win32,en-US,GMT+8,279.9707586212305,541.3847371324758
n6vo4j2ve,login-form,30,78064,500,515,1,"Mozilla/5.0 (Windows NT 10.0; Win64; x64) AppleWebKit/537.36 (KHTML, like Gecko) Chrome/132.0.0.0 Safari/537.36",Win32,en-US,GMT+8,533.7192046510083,256.6227701034203
n6vo4j2ve,login-form,15,92905,500,515,1,"Mozilla/5.0 (Windows NT 10.0; Win64; x64) AppleWebKit/537.36 (KHTML, like Gecko) Chrome/132.0.0.0 Safari/537.36",Win32,en-US,GMT+8,540.5129107057298,395.0780083136256
n6vo4j2ve,login-form,25,104097,500,515,1,"Mozilla/5.0 (Windows NT 10.0; Win64; x64) AppleWebKit/537.36 (KHTML, like Gecko) Chrome/132.0.0.0 Safari/537.36",Win32,en-US,GMT+8,340.15193284677207,445.2833348149118
n6vo4j2ve,login-form,39,158092,500,515,1,"Mozilla/5.0 (Windows NT 10.0; Win64; x64) AppleWebKit/537.36 (KHTML, like Gecko) Chrome/132.0.0.0 Safari/537.36",Win32,en-US,GMT+8,1232.4062499290012,274.009988292782
n6vo4j2ve,login-form,28,223523,500,515,1,"Mozilla/5.0 (Windows NT 10.0; Win64; x64) AppleWebKit/537.36 (KHTML, like Gecko) Chrome/132.0.0.0 Safari/537.36",Win32,en-US,GMT+8,1346.5827884009564,305.5257000004552
n6vo4j2ve,login-form,91,34217,1394,687,1,"Mozilla/5.0 (Windows NT 10.0; Win64; x64) AppleWebKit/537.36 (KHTML, like Gecko) Chrome/132.0.0.0 Safari/537.36",Win32,en-US,GMT+8,435.40545614079247,531.4676819088627
n6vo4j2ve,login-form,29,48134,1394,687,1,"Mozilla/5.0 (Windows NT 10.0; Win64; x64) AppleWebKit/537.36 (KHTML, like Gecko) Chrome/132.0.0.0 Safari/537.36",Win32,en-US,GMT+8,262.2338345561587,356.5116046283681
n6vo4j2ve,login-form,37,85715,1394,687,1,"Mozilla/5.0 (Windows NT 10.0; Win64; x64) AppleWebKit/537.36 (KHTML, like Gecko) Chrome/132.0.0.0 Safari/537.36",Win32,en-US,GMT+8,279.62807214252535,468.1068147005936
n6vo4j2ve,login-form,36,109417,1394,687,1,"Mozilla/5.0 (Windows NT 10.0; Win64; x64) AppleWebKit/537.36 (KHTML, like Gecko) Chrome/132.0.0.0 Safari/537.36",Win32,en-US,GMT+8,1121.639771382743,517.1228851707754
n6vo4j2ve,login-form,16,115396,1394,687,1,"Mozilla/5.0 (Windows NT 10.0; Win64; x64) AppleWebKit/537.36 (KHTML, like Gecko) Chrome/132.0.0.0 Safari/537.36",Win32,en-US,GMT+8,401.34629724699107,392.44577827884564
n6vo4j2ve,login-form,18,120926,1394,687,1,"Mozilla/5.0 (Windows NT 10.0; Win64; x64) AppleWebKit/537.36 (KHTML, like Gecko) Chrome/132.0.0.0 Safari/537.36",Win32,en-US,GMT+8,536.4181546560225,195.97673048791677
n6vo4j2ve,login-form,20,129985,1394,687,1,"Mozilla/5.0 (Windows NT 10.0; Win64; x64) AppleWebKit/537.36 (KHTML, like Gecko) Chrome/132.0.0.0 Safari/537.36",Win32,en-US,GMT+8,774.5280402230683,219.1525228119623
n6vo4j2ve,login-form,32,139192,1394,687,1,"Mozilla/5.0 (Windows NT 10.0; Win64; x64) AppleWebKit/537.36 (KHTML, like Gecko) Chrome/132.0.0.0 Safari/537.36",Win32,en-US,GMT+8,1208.195437748618,187.679265673616
n6vo4j2ve,login-form,16,33999,952,687,1,"Mozilla/5.0 (Windows NT 10.0; Win64; x64) AppleWebKit/537.36 (KHTML, like Gecko) Chrome/132.0.0.0 Safari/537.36",Win32,en-US,GMT+8,439.60187077928487,222.11344448777126
n6vo4j2ve,login-form,54,57330,952,687,1,"Mozilla/5.0 (Windows NT 10.0; Win64; x64) AppleWebKit/537.36 (KHTML, like Gecko) Chrome/132.0.0.0 Safari/537.36",Win32,en-US,GMT+8,941.1040654150327,414.85598731371726
n6vo4j2ve,login-form,13,65524,952,687,1,"Mozilla/5.0 (Windows NT 10.0; Win64; x64) AppleWebKit/537.36 (KHTML, like Gecko) Chrome/132.0.0.0 Safari/537.36",Win32,en-US,GMT+8,329.3819755061171,341.18075202970573
n6vo4j2ve,login-form,47,81703,952,687,1,"Mozilla/5.0 (Windows NT 10.0; Win64; x64) AppleWebKit/537.36 (KHTML, like Gecko) Chrome/132.0.0.0 Safari/537.36",Win32,en-US,GMT+8,1008.5134437071838,276.68373109208954
n6vo4j2ve,login-form,19,88179,952,687,1,"Mozilla/5.0 (Windows NT 10.0; Win64; x64) AppleWebKit/537.36 (KHTML, like Gecko) Chrome/132.0.0.0 Safari/537.36",Win32,en-US,GMT+8,190.4201546295507,135.0200830969459
n6vo4j2ve,login-form,30,98853,952,687,1,"Mozilla/5.0 (Windows NT 10.0; Win64; x64) AppleWebKit/537.36 (KHTML, like Gecko) Chrome/132.0.0.0 Safari/537.36",Win32,en-US,GMT+8,1048.9816427541014,273.90049574537113
n6vo4j2ve,login-form,29,132528,952,687,1,"Mozilla/5.0 (Windows NT 10.0; Win64; x64) AppleWebKit/537.36 (KHTML, like Gecko) Chrome/132.0.0.0 Safari/537.36",Win32,en-US,GMT+8,644.8872736736055,1845.6683071451382
n6vo4j2ve,login-form,37,143912,952,687,1,"Mozilla/5.0 (Windows NT 10.0; Win64; x64) AppleWebKit/537.36 (KHTML, like Gecko) Chrome/132.0.0.0 Safari/537.36",Win32,en-US,GMT+8,328.8961061262599,147.78236208428217
n6vo4j2ve,login-form,36,155030,952,687,1,"Mozilla/5.0 (Windows NT 10.0; Win64; x64) AppleWebKit/537.36 (KHTML, like Gecko) Chrome/132.0.0.0 Safari/537.36",Win32,en-US,GMT+8,0,138.53925280394017
n6vo4j2ve,login-form,26,167284,952,687,1,"Mozilla/5.0 (Windows NT 10.0; Win64; x64) AppleWebKit/537.36 (KHTML, like Gecko) Chrome/132.0.0.0 Safari/537.36",Win32,en-US,GMT+8,80.99597127188528,719.1523173539496
n6vo4j2ve,login-form,18,10442,1362,740,1,"Mozilla/5.0 (Windows NT 10.0; Win64; x64) AppleWebKit/537.36 (KHTML, like Gecko) Chrome/132.0.0.0 Safari/537.36",Win32,en-US,GMT+8,775.715008439304,323.5141172855444
n6vo4j2ve,login-form,20,23904,1362,740,1,"Mozilla/5.0 (Windows NT 10.0; Win64; x64) AppleWebKit/537.36 (KHTML, like Gecko) Chrome/132.0.0.0 Safari/537.36",Win32,en-US,GMT+8,0,601.1918922923235
n6vo4j2ve,login-form,31,39838,1362,740,1,"Mozilla/5.0 (Windows NT 10.0; Win64; x64) AppleWebKit/537.36 (KHTML, like Gecko) Chrome/132.0.0.0 Safari/537.36",Win32,en-US,GMT+8,0,326.9505205029392
n6vo4j2ve,login-form,34,52735,1362,740,1,"Mozilla/5.0 (Windows NT 10.0; Win64; x64) AppleWebKit/537.36 (KHTML, like Gecko) Chrome/132.0.0.0 Safari/537.36",Win32,en-US,GMT+8,0,279.1855924673089
n6vo4j2ve,login-form,17,58441,1362,740,1,"Mozilla/5.0 (Windows NT 10.0; Win64; x64) AppleWebKit/537.36 (KHTML, like Gecko) Chrome/132.0.0.0 Safari/537.36",Win32,en-US,GMT+8,395.63552324928963,244.04146036073462
n6vo4j2ve,login-form,13,64402,1362,740,1,"Mozilla/5.0 (Windows NT 10.0; Win64; x64) AppleWebKit/537.36 (KHTML, like Gecko) Chrome/132.0.0.0 Safari/537.36",Win32,en-US,GMT+8,522.4349737322644,364.28720354504173
n6vo4j2ve,login-form,22,75476,1362,740,1,"Mozilla/5.0 (Windows NT 10.0; Win64; x64) AppleWebKit/537.36 (KHTML, like Gecko) Chrome/132.0.0.0 Safari/537.36",Win32,en-US,GMT+8,286.34809595996325,381.7042342560265
n6vo4j2ve,login-form,32,87494,1362,740,1,"Mozilla/5.0 (Windows NT 10.0; Win64; x64) AppleWebKit/537.36 (KHTML, like Gecko) Chrome/132.0.0.0 Safari/537.36",Win32,en-US,GMT+8,1103.5374756110743,367.2236217149892
n6vo4j2ve,login-form,204,94028,1362,740,1,"Mozilla/5.0 (Windows NT 10.0; Win64; x64) AppleWebKit/537.36 (KHTML, like Gecko) Chrome/132.0.0.0 Safari/537.36",Win32,en-US,GMT+8,719.3813494290695,89.92964563111595
n6vo4j2ve,login-form,57,102646,1362,740,1,"Mozilla/5.0 (Windows NT 10.0; Win64; x64) AppleWebKit/537.36 (KHTML, like Gecko) Chrome/132.0.0.0 Safari/537.36",Win32,en-US,GMT+8,1384.1183521407231,142.8624597224869
n6vo4j2ve,login-form,54,17783,500,687,1,"Mozilla/5.0 (Windows NT 10.0; Win64; x64) AppleWebKit/537.36 (KHTML, like Gecko) Chrome/132.0.0.0 Safari/537.36",Win32,en-US,GMT+8,209.05259076675952,267.75011862461594
n6vo4j2ve,login-form,21,27662,500,687,1,"Mozilla/5.0 (Windows NT 10.0; Win64; x64) AppleWebKit/537.36 (KHTML, like Gecko) Chrome/132.0.0.0 Safari/537.36",Win32,en-US,GMT+8,382.10444747334554,306.2028575960714
n6vo4j2ve,login-form,29,34693,500,687,1,"Mozilla/5.0 (Windows NT 10.0; Win64; x64) AppleWebKit/537.36 (KHTML, like Gecko) Chrome/132.0.0.0 Safari/537.36",Win32,en-US,GMT+8,343.82904579506237,162.65555741241323
n6vo4j2ve,login-form,39,42086,500,687,1,"Mozilla/5.0 (Windows NT 10.0; Win64; x64) AppleWebKit/537.36 (KHTML, like Gecko) Chrome/132.0.0.0 Safari/537.36",Win32,en-US,GMT+8,674.0796774048482,141.1972844292478
n6vo4j2ve,login-form,34,50427,500,687,1,"Mozilla/5.0 (Windows NT 10.0; Win64; x64) AppleWebKit/537.36 (KHTML, like Gecko) Chrome/132.0.0.0 Safari/537.36",Win32,en-US,GMT+8,0,130.30138966426068
n6vo4j2ve,login-form,31,55834,500,687,1,"Mozilla/5.0 (Windows NT 10.0; Win64; x64) AppleWebKit/537.36 (KHTML, like Gecko) Chrome/132.0.0.0 Safari/537.36",Win32,en-US,GMT+8,0,142.7375563753282
n6vo4j2ve,login-form,67,61912,500,687,1,"Mozilla/5.0 (Windows NT 10.0; Win64; x64) AppleWebKit/537.36 (KHTML, like Gecko) Chrome/132.0.0.0 Safari/537.36",Win32,en-US,GMT+8,0,72.45238224039078
n6vo4j2ve,login-form,30,75482,500,687,1,"Mozilla/5.0 (Windows NT 10.0; Win64; x64) AppleWebKit/537.36 (KHTML, like Gecko) Chrome/132.0.0.0 Safari/537.36",Win32,en-US,GMT+8,0,313.6122707444249
n6vo4j2ve,login-form,27,120173,500,687,1,"Mozilla/5.0 (Windows NT 10.0; Win64; x64) AppleWebKit/537.36 (KHTML, like Gecko) Chrome/132.0.0.0 Safari/537.36",Win32,en-US,GMT+8,113.3757573910544,941.2353553085647
n6vo4j2ve,login-form,26,136107,500,687,1,"Mozilla/5.0 (Windows NT 10.0; Win64; x64) AppleWebKit/537.36 (KHTML, like Gecko) Chrome/132.0.0.0 Safari/537.36",Win32,en-US,GMT+8,403.0831634546411,826.7881218304965
n6vo4j2ve,login-form,31,145855,500,687,1,"Mozilla/5.0 (Windows NT 10.0; Win64; x64) AppleWebKit/537.36 (KHTML, like Gecko) Chrome/132.0.0.0 Safari/537.36",Win32,en-US,GMT+8,287.34369356930205,108.85219336329425
n6vo4j2ve,login-form,50,167874,500,687,1,"Mozilla/5.0 (Windows NT 10.0; Win64; x64) AppleWebKit/537.36 (KHTML, like Gecko) Chrome/132.0.0.0 Safari/537.36",Win32,en-US,GMT+8,211.76318814556538,960.3180161860855
n6vo4j2ve,login-form,32,186688,500,687,1,"Mozilla/5.0 (Windows NT 10.0; Win64; x64) AppleWebKit/537.36 (KHTML, like Gecko) Chrome/132.0.0.0 Safari/537.36",Win32,en-US,GMT+8,81.74064576272242,396.9019018183379
n6vo4j2ve,login-form,14,13054,1765,850,1,"Mozilla/5.0 (Windows NT 10.0; Win64; x64) AppleWebKit/537.36 (KHTML, like Gecko) Chrome/132.0.0.0 Safari/537.36",Win32,en-US,GMT+8,667.4181987606306,1537.0614744802372
n6vo4j2ve,login-form,25,31419,1765,850,1,"Mozilla/5.0 (Windows NT 10.0; Win64; x64) AppleWebKit/537.36 (KHTML, like Gecko) Chrome/132.0.0.0 Safari/537.36",Win32,en-US,GMT+8,123.59007524450485,2255.2285880537697
n6vo4j2ve,login-form,13,151387,1765,850,1,"Mozilla/5.0 (Windows NT 10.0; Win64; x64) AppleWebKit/537.36 (KHTML, like Gecko) Chrome/132.0.0.0 Safari/537.36",Win32,en-US,GMT+8,1865.8796432840777,26433.579368732026
0uoy9vj5y,login-form,19,9182,1912,920,1,"Mozilla/5.0 (Windows NT 10.0; Win64; x64) AppleWebKit/537.36 (KHTML, like Gecko) Chrome/132.0.0.0 Safari/537.36 Edg/132.0.0.0",Win32,en-US,GMT+8,397.49860032765747,419.16295190166034
0uoy9vj5y,login-form,15,20462,1912,920,1,"Mozilla/5.0 (Windows NT 10.0; Win64; x64) AppleWebKit/537.36 (KHTML, like Gecko) Chrome/132.0.0.0 Safari/537.36 Edg/132.0.0.0",Win32,en-US,GMT+8,1756.2750839926887,531.477570705731
0uoy9vj5y,login-form,14,25574,1912,920,1,"Mozilla/5.0 (Windows NT 10.0; Win64; x64) AppleWebKit/537.36 (KHTML, like Gecko) Chrome/132.0.0.0 Safari/537.36 Edg/132.0.0.0",Win32,en-US,GMT+8,252.92425570574164,188.06243455283894
0uoy9vj5y,login-form,18,62888,1912,920,1,"Mozilla/5.0 (Windows NT 10.0; Win64; x64) AppleWebKit/537.36 (KHTML, like Gecko) Chrome/132.0.0.0 Safari/537.36 Edg/132.0.0.0",Win32,en-US,GMT+8,931.1709931888985,317.1486244649344
0uoy9vj5y,login-form,12,87646,1912,920,1,"Mozilla/5.0 (Windows NT 10.0; Win64; x64) AppleWebKit/537.36 (KHTML, like Gecko) Chrome/132.0.0.0 Safari/537.36 Edg/132.0.0.0",Win32,en-US,GMT+8,1516.1075503583572,461.6769827093791
0uoy9vj5y,login-form,28,97541,1912,920,1,"Mozilla/5.0 (Windows NT 10.0; Win64; x64) AppleWebKit/537.36 (KHTML, like Gecko) Chrome/132.0.0.0 Safari/537.36 Edg/132.0.0.0",Win32,en-US,GMT+8,0,95.32063611117506
aotqmvy61,login-form,23,7503,1920,951,1,"Mozilla/5.0 (Windows NT 10.0; Win64; x64) AppleWebKit/537.36 (KHTML, like Gecko) Chrome/132.0.0.0 Safari/537.36",Win32,en-US,GMT+8,525.9608093825565,167.460103796804
aotqmvy61,login-form,35,22458,1920,951,1,"Mozilla/5.0 (Windows NT 10.0; Win64; x64) AppleWebKit/537.36 (KHTML, like Gecko) Chrome/132.0.0.0 Safari/537.36",Win32,en-US,GMT+8,2156.2172601469724,191.87544844576388
aotqmvy61,login-form,35,36600,1920,951,1,"Mozilla/5.0 (Windows NT 10.0; Win64; x64) AppleWebKit/537.36 (KHTML, like Gecko) Chrome/132.0.0.0 Safari/537.36",Win32,en-US,GMT+8,663.9148509574784,437.07007051477734
aotqmvy61,login-form,14,49526,1920,951,1,"Mozilla/5.0 (Windows NT 10.0; Win64; x64) AppleWebKit/537.36 (KHTML, like Gecko) Chrome/132.0.0.0 Safari/537.36",Win32,en-US,GMT+8,1121.063928331879,270.7742132408716
n6vo4j2ve,registration-form,40,21886,1920,911,1,"Mozilla/5.0 (Windows NT 10.0; Win64; x64) AppleWebKit/537.36 (KHTML, like Gecko) Chrome/132.0.0.0 Safari/537.36",Win32,en-US,GMT+8,1925.1359793977292,339.56886653760023
n6vo4j2ve,registration-form,20,31055,1920,911,1,"Mozilla/5.0 (Windows NT 10.0; Win64; x64) AppleWebKit/537.36 (KHTML, like Gecko) Chrome/132.0.0.0 Safari/537.36",Win32,en-US,GMT+8,2407.3787418092506,303.41071459062726
n6vo4j2ve,registration-form,10,39004,1920,911,1,"Mozilla/5.0 (Windows NT 10.0; Win64; x64) AppleWebKit/537.36 (KHTML, like Gecko) Chrome/132.0.0.0 Safari/537.36",Win32,en-US,GMT+8,724.8695388888168,347.8555823511238
n6vo4j2ve,registration-form,20,44055,1920,911,1,"Mozilla/5.0 (Windows NT 10.0; Win64; x64) AppleWebKit/537.36 (KHTML, like Gecko) Chrome/132.0.0.0 Safari/537.36",Win32,en-US,GMT+8,715.4490048181955,244.71526786628945
n6vo4j2ve,registration-form,202,62605,1920,911,1,"Mozilla/5.0 (Windows NT 10.0; Win64; x64) AppleWebKit/537.36 (KHTML, like Gecko) Chrome/132.0.0.0 Safari/537.36",Win32,en-US,GMT+8,506.5904070431943,162.26408025742657
n6vo4j2ve,registration-form,33,111415,1920,911,1,"Mozilla/5.0 (Windows NT 10.0; Win64; x64) AppleWebKit/537.36 (KHTML, like Gecko) Chrome/132.0.0.0 Safari/537.36",Win32,en-US,GMT+8,1757.9503147668615,351.0574333924044
n6vo4j2ve,registration-form,70,143500,1920,911,1,"Mozilla/5.0 (Windows NT 10.0; Win64; x64) AppleWebKit/537.36 (KHTML, like Gecko) Chrome/132.0.0.0 Safari/537.36",Win32,en-US,GMT+8,254.0850436773781,250.79161625263453
aotqmvy61,registration-form,32,9114,1920,951,1,"Mozilla/5.0 (Windows NT 10.0; Win64; x64) AppleWebKit/537.36 (KHTML, like Gecko) Chrome/132.0.0.0 Safari/537.36",Win32,en-US,GMT+8,220.94954974987593,274.82507917131437
aotqmvy61,registration-form,29,23896,1920,951,1,"Mozilla/5.0 (Windows NT 10.0; Win64; x64) AppleWebKit/537.36 (KHTML, like Gecko) Chrome/132.0.0.0 Safari/537.36",Win32,en-US,GMT+8,378.55242461167296,347.42336550376
aotqmvy61,registration-form,55,37296,1920,951,1,"Mozilla/5.0 (Windows NT 10.0; Win64; x64) AppleWebKit/537.36 (KHTML, like Gecko) Chrome/132.0.0.0 Safari/537.36",Win32,en-US,GMT+8,1479.3232393625985,183.0047832322179
aotqmvy61,registration-form,62,54529,1920,951,1,"Mozilla/5.0 (Windows NT 10.0; Win64; x64) AppleWebKit/537.36 (KHTML, like Gecko) Chrome/132.0.0.0 Safari/537.36",Win32,en-US,GMT+8,1206.9215674022896,152.78244910185487
aotqmvy61,registration-form,4,64587,1920,951,1,"Mozilla/5.0 (Windows NT 10.0; Win64; x64) AppleWebKit/537.36 (KHTML, like Gecko) Chrome/132.0.0.0 Safari/537.36",Win32,en-US,GMT+8,72.42057970997818,490.62567763576703
aotqmvy61,registration-form,45,79309,1920,951,1,"Mozilla/5.0 (Windows NT 10.0; Win64; x64) AppleWebKit/537.36 (KHTML, like Gecko) Chrome/132.0.0.0 Safari/537.36",Win32,en-US,GMT+8,555.6172231407431,227.43675331001003
aotqmvy61,registration-form,49,97884,1920,951,1,"Mozilla/5.0 (Windows NT 10.0; Win64; x64) AppleWebKit/537.36 (KHTML, like Gecko) Chrome/132.0.0.0 Safari/537.36",Win32,en-US,GMT+8,391.31519093217776,482.3687964783504
xkn3343tu,registration-form,27,11625,1280,843,1,Mozilla/5.0 (Windows NT 10.0; Win64; x64; rv:135.0) Gecko/20100101 Firefox/135.0,Win32,en-US,GMT+8,390.4034692312736,717.3774847465606
xkn3343tu,registration-form,29,28706,1280,843,1,Mozilla/5.0 (Windows NT 10.0; Win64; x64; rv:135.0) Gecko/20100101 Firefox/135.0,Win32,en-US,GMT+8,379.43744723627975,219.64338850109945
0uoy9vj5y,registration-form,58,21289,1912,920,1,"Mozilla/5.0 (Windows NT 10.0; Win64; x64) AppleWebKit/537.36 (KHTML, like Gecko) Chrome/132.0.0.0 Safari/537.36 Edg/132.0.0.0",Win32,en-US,GMT+8,119.32729505917128,518.3855397935363
0uoy9vj5y,registration-form,11,26072,1912,920,1,"Mozilla/5.0 (Windows NT 10.0; Win64; x64) AppleWebKit/537.36 (KHTML, like Gecko) Chrome/132.0.0.0 Safari/537.36 Edg/132.0.0.0",Win32,en-US,GMT+8,159.2285308617248,406.6769725470081
0uoy9vj5y,registration-form,20,31769,1912,920,1,"Mozilla/5.0 (Windows NT 10.0; Win64; x64) AppleWebKit/537.36 (KHTML, like Gecko) Chrome/132.0.0.0 Safari/537.36 Edg/132.0.0.0",Win32,en-US,GMT+8,445.61473945731143,267.1902327904502
0uoy9vj5y,registration-form,22,7328,1036,632,1,"Mozilla/5.0 (Windows NT 10.0; Win64; x64) AppleWebKit/537.36 (KHTML, like Gecko) Chrome/132.0.0.0 Safari/537.36 Edg/132.0.0.0",Win32,en-US,GMT+8,314.44556627680186,221.07061696904637
0uoy9vj5y,registration-form,43,21784,1036,632,1,"Mozilla/5.0 (Windows NT 10.0; Win64; x64) AppleWebKit/537.36 (KHTML, like Gecko) Chrome/132.0.0.0 Safari/537.36 Edg/132.0.0.0",Win32,en-US,GMT+8,435.57791236070744,644.3804161737842
0uoy9vj5y,registration-form,52,29626,1036,632,1,"Mozilla/5.0 (Windows NT 10.0; Win64; x64) AppleWebKit/537.36 (KHTML, like Gecko) Chrome/132.0.0.0 Safari/537.36 Edg/132.0.0.0",Win32,en-US,GMT+8,432.00645107872526,161.06710902648604
0uoy9vj5y,registration-form,72,44845,1036,632,1,"Mozilla/5.0 (Windows NT 10.0; Win64; x64) AppleWebKit/537.36 (KHTML, like Gecko) Chrome/132.0.0.0 Safari/537.36 Edg/132.0.0.0",Win32,en-US,GMT+8,726.8371396532049,268.3708688168631
aotqmvy61,registration-form,42,9356,1054,602,1,"Mozilla/5.0 (Windows NT 10.0; Win64; x64) AppleWebKit/537.36 (KHTML, like Gecko) Chrome/132.0.0.0 Safari/537.36",Win32,en-US,GMT+8,119.04754771061889,101.52949302345131
aotqmvy61,registration-form,18,19477,1054,602,1,"Mozilla/5.0 (Windows NT 10.0; Win64; x64) AppleWebKit/537.36 (KHTML, like Gecko) Chrome/132.0.0.0 Safari/537.36",Win32,en-US,GMT+8,574.8792080877435,458.0852129066567
aotqmvy61,registration-form,56,50726,1054,602,1,"Mozilla/5.0 (Windows NT 10.0; Win64; x64) AppleWebKit/537.36 (KHTML, like Gecko) Chrome/132.0.0.0 Safari/537.36",Win32,en-US,GMT+8,1847.6100845881358,225.12706861857677
aotqmvy61,registration-form,76,70769,1054,602,1,"Mozilla/5.0 (Windows NT 10.0; Win64; x64) AppleWebKit/537.36 (KHTML, like Gecko) Chrome/132.0.0.0 Safari/537.36",Win32,en-US,GMT+8,71.97231354189469,273.73270530858304
aotqmvy61,registration-form,36,75804,1054,602,1,"Mozilla/5.0 (Windows NT 10.0; Win64; x64) AppleWebKit/537.36 (KHTML, like Gecko) Chrome/132.0.0.0 Safari/537.36",Win32,en-US,GMT+8,384.81624465832795,101.28406607564848
aotqmvy61,registration-form,54,79303,1054,602,1,"Mozilla/5.0 (Windows NT 10.0; Win64; x64) AppleWebKit/537.36 (KHTML, like Gecko) Chrome/132.0.0.0 Safari/537.36",Win32,en-US,GMT+8,753.3196454090221,70.97418541033086
aotqmvy61,registration-form,31,83496,1054,602,1,"Mozilla/5.0 (Windows NT 10.0; Win64; x64) AppleWebKit/537.36 (KHTML, like Gecko) Chrome/132.0.0.0 Safari/537.36",Win32,en-US,GMT+8,716.9737956679397,251.5621173565068
aotqmvy61,registration-form,37,89287,1054,602,1,"Mozilla/5.0 (Windows NT 10.0; Win64; x64) AppleWebKit/537.36 (KHTML, like Gecko) Chrome/132.0.0.0 Safari/537.36",Win32,en-US,GMT+8,298.276602071936,238.6780125458554
aotqmvy61,registration-form,30,93902,1054,602,1,"Mozilla/5.0 (Windows NT 10.0; Win64; x64) AppleWebKit/537.36 (KHTML, like Gecko) Chrome/132.0.0.0 Safari/537.36",Win32,en-US,GMT+8,103.55927526219581,105.58069987215211
aotqmvy61,registration-form,21,97653,1054,602,1,"Mozilla/5.0 (Windows NT 10.0; Win64; x64) AppleWebKit/537.36 (KHTML, like Gecko) Chrome/132.0.0.0 Safari/537.36",Win32,en-US,GMT+8,234.83052972129192,99.34005989529096
aotqmvy61,registration-form,41,107668,1054,602,1,"Mozilla/5.0 (Windows NT 10.0; Win64; x64) AppleWebKit/537.36 (KHTML, like Gecko) Chrome/132.0.0.0 Safari/537.36",Win32,en-US,GMT+8,344.2773806883851,298.1386747387867
aotqmvy61,registration-form,49,113903,1054,602,1,"Mozilla/5.0 (Windows NT 10.0; Win64; x64) AppleWebKit/537.36 (KHTML, like Gecko) Chrome/132.0.0.0 Safari/537.36",Win32,en-US,GMT+8,494.97368770995416,93.25565964356026
aotqmvy61,registration-form,21,118827,1054,602,1,"Mozilla/5.0 (Windows NT 10.0; Win64; x64) AppleWebKit/537.36 (KHTML, like Gecko) Chrome/132.0.0.0 Safari/537.36",Win32,en-US,GMT+8,0.0,149.61793842985537
aotqmvy61,registration-form,11,120052,1054,602,1,"Mozilla/5.0 (Windows NT 10.0; Win64; x64) AppleWebKit/537.36 (KHTML, like Gecko) Chrome/132.0.0.0 Safari/537.36",Win32,en-US,GMT+8,0.0,90.89202385248113
aotqmvy61,registration-form,11,120784,1054,602,1,"Mozilla/5.0 (Windows NT 10.0; Win64; x64) AppleWebKit/537.36 (KHTML, like Gecko) Chrome/132.0.0.0 Safari/537.36",Win32,en-US,GMT+8,0.0,32.63265235925514
aotqmvy61,registration-form,13,121453,1054,602,1,"Mozilla/5.0 (Windows NT 10.0; Win64; x64) AppleWebKit/537.36 (KHTML, like Gecko) Chrome/132.0.0.0 Safari/537.36",Win32,en-US,GMT+8,0.0,38.88471207728473
aotqmvy61,registration-form,12,123278,1054,602,1,"Mozilla/5.0 (Windows NT 10.0; Win64; x64) AppleWebKit/537.36 (KHTML, like Gecko) Chrome/132.0.0.0 Safari/537.36",Win32,en-US,GMT+8,0.0,81.92598957958971
aotqmvy61,registration-form,13,149629,1054,602,1,"Mozilla/5.0 (Windows NT 10.0; Win64; x64) AppleWebKit/537.36 (KHTML, like Gecko) Chrome/132.0.0.0 Safari/537.36",Win32,en-US,GMT+8,831.9612633870269,4700.236405167596
aotqmvy61,registration-form,8,160226,1054,602,1,"Mozilla/5.0 (Windows NT 10.0; Win64; x64) AppleWebKit/537.36 (KHTML, like Gecko) Chrome/132.0.0.0 Safari/537.36",Win32,en-US,GMT+8,324.59585636400317,1200.7003738464905
n6vo4j2ve,registration-form,14,7277,952,687,1,"Mozilla/5.0 (Windows NT 10.0; Win64; x64) AppleWebKit/537.36 (KHTML, like Gecko) Chrome/132.0.0.0 Safari/537.36",Win32,en-US,GMT+8,328.4402480567185,489.12094800278993
n6vo4j2ve,registration-form,20,15201,952,687,1,"Mozilla/5.0 (Windows NT 10.0; Win64; x64) AppleWebKit/537.36 (KHTML, like Gecko) Chrome/132.0.0.0 Safari/537.36",Win32,en-US,GMT+8,395.3009234983999,390.3508898087914
n6vo4j2ve,registration-form,52,23937,952,687,1,"Mozilla/5.0 (Windows NT 10.0; Win64; x64) AppleWebKit/537.36 (KHTML, like Gecko) Chrome/132.0.0.0 Safari/537.36",Win32,en-US,GMT+8,570.1530707541898,83.74855263945852
n6vo4j2ve,registration-form,59,27940,952,687,1,"Mozilla/5.0 (Windows NT 10.0; Win64; x64) AppleWebKit/537.36 (KHTML, like Gecko) Chrome/132.0.0.0 Safari/537.36",Win32,en-US,GMT+8,761.527535471849,67.45397867436131
n6vo4j2ve,registration-form,39,44146,952,687,1,"Mozilla/5.0 (Windows NT 10.0; Win64; x64) AppleWebKit/537.36 (KHTML, like Gecko) Chrome/132.0.0.0 Safari/537.36",Win32,en-US,GMT+8,202.78514874084775,871.3149998406824
n6vo4j2ve,registration-form,38,62311,952,687,1,"Mozilla/5.0 (Windows NT 10.0; Win64; x64) AppleWebKit/537.36 (KHTML, like Gecko) Chrome/132.0.0.0 Safari/537.36",Win32,en-US,GMT+8,579.947921144648,184.75967665398196
n6vo4j2ve,registration-form,79,72760,952,687,1,"Mozilla/5.0 (Windows NT 10.0; Win64; x64) AppleWebKit/537.36 (KHTML, like Gecko) Chrome/132.0.0.0 Safari/537.36",Win32,en-US,GMT+8,1505.9733965792254,121.6668801165348
n6vo4j2ve,registration-form,24,98505,952,687,1,"Mozilla/5.0 (Windows NT 10.0; Win64; x64) AppleWebKit/537.36 (KHTML, like Gecko) Chrome/132.0.0.0 Safari/537.36",Win32,en-US,GMT+8,946.1837215239105,529.3073585103054
n6vo4j2ve,registration-form,6,104649,952,687,1,"Mozilla/5.0 (Windows NT 10.0; Win64; x64) AppleWebKit/537.36 (KHTML, like Gecko) Chrome/132.0.0.0 Safari/537.36",Win32,en-US,GMT+8,468.96018368277777,498.08770312064524
n6vo4j2ve,registration-form,29,111971,952,687,1,"Mozilla/5.0 (Windows NT 10.0; Win64; x64) AppleWebKit/537.36 (KHTML, like Gecko) Chrome/132.0.0.0 Safari/537.36",Win32,en-US,GMT+8,524.5097951139066,318.9800070505347
n6vo4j2ve,registration-form,37,121871,952,687,1,"Mozilla/5.0 (Windows NT 10.0; Win64; x64) AppleWebKit/537.36 (KHTML, like Gecko) Chrome/132.0.0.0 Safari/537.36",Win32,en-US,GMT+8,537.3307536280063,363.6132798509298
n6vo4j2ve,registration-form,31,144992,952,687,1,"Mozilla/5.0 (Windows NT 10.0; Win64; x64) AppleWebKit/537.36 (KHTML, like Gecko) Chrome/132.0.0.0 Safari/537.36",Win32,en-US,GMT+8,845.4040764826026,275.09074058491234
n6vo4j2ve,registration-form,40,156957,952,687,1,"Mozilla/5.0 (Windows NT 10.0; Win64; x64) AppleWebKit/537.36 (KHTML, like Gecko) Chrome/132.0.0.0 Safari/537.36",Win32,en-US,GMT+8,109.12306637133676,876.4156074014077
n6vo4j2ve,registration-form,40,167653,952,687,1,"Mozilla/5.0 (Windows NT 10.0; Win64; x64) AppleWebKit/537.36 (KHTML, like Gecko) Chrome/132.0.0.0 Safari/537.36",Win32,en-US,GMT+8,0,121.97519775670258
n6vo4j2ve,registration-form,25,176442,952,687,1,"Mozilla/5.0 (Windows NT 10.0; Win64; x64) AppleWebKit/537.36 (KHTML, like Gecko) Chrome/132.0.0.0 Safari/537.36",Win32,en-US,GMT+8,0,226.0708630583935
aotqmvy61,registration-form,21,54651,597,602,1,"Mozilla/5.0 (Windows NT 10.0; Win64; x64) AppleWebKit/537.36 (KHTML, like Gecko) Chrome/132.0.0.0 Safari/537.36",Win32,en-US,GMT+8,684.8878374662646,1281.449599005846
aotqmvy61,registration-form,50,73590,597,602,1,"Mozilla/5.0 (Windows NT 10.0; Win64; x64) AppleWebKit/537.36 (KHTML, like Gecko) Chrome/132.0.0.0 Safari/537.36",Win32,en-US,GMT+8,0,123.81066606775545
aotqmvy61,registration-form,49,82167,597,602,1,"Mozilla/5.0 (Windows NT 10.0; Win64; x64) AppleWebKit/537.36 (KHTML, like Gecko) Chrome/132.0.0.0 Safari/537.36",Win32,en-US,GMT+8,0,65.30272854802556
aotqmvy61,registration-form,35,88678,597,602,1,"Mozilla/5.0 (Windows NT 10.0; Win64; x64) AppleWebKit/537.36 (KHTML, like Gecko) Chrome/132.0.0.0 Safari/537.36",Win32,en-US,GMT+8,303.7619930260811,90.16041547725445
aotqmvy61,registration-form,18,93153,597,602,1,"Mozilla/5.0 (Windows NT 10.0; Win64; x64) AppleWebKit/537.36 (KHTML, like Gecko) Chrome/132.0.0.0 Safari/537.36",Win32,en-US,GMT+8,295.7112308903906,157.17770341186113
aotqmvy61,registration-form,54,105527,597,602,1,"Mozilla/5.0 (Windows NT 10.0; Win64; x64) AppleWebKit/537.36 (KHTML, like Gecko) Chrome/132.0.0.0 Safari/537.36",Win32,en-US,GMT+8,350.6961113496376,192.91503321192948
n6vo4j2ve,payment-form,65,21909,1920,911,1,"Mozilla/5.0 (Windows NT 10.0; Win64; x64) AppleWebKit/537.36 (KHTML, like Gecko) Chrome/132.0.0.0 Safari/537.36",Win32,en-US,GMT+8,132.15715385198064,307.17427449594373
n6vo4j2ve,payment-form,33,47005,1920,911,1,"Mozilla/5.0 (Windows NT 10.0; Win64; x64) AppleWebKit/537.36 (KHTML, like Gecko) Chrome/132.0.0.0 Safari/537.36",Win32,en-US,GMT+8,302.41528199734756,657.0354696654036
n6vo4j2ve,payment-form,44,66842,1920,911,1,"Mozilla/5.0 (Windows NT 10.0; Win64; x64) AppleWebKit/537.36 (KHTML, like Gecko) Chrome/132.0.0.0 Safari/537.36",Win32,en-US,GMT+8,333.6976930924532,326.5699891524559
n6vo4j2ve,payment-form,47,116342,1920,911,1,"Mozilla/5.0 (Windows NT 10.0; Win64; x64) AppleWebKit/537.36 (KHTML, like Gecko) Chrome/132.0.0.0 Safari/537.36",Win32,en-US,GMT+8,69.16431966611397,1746.5199631177993
n6vo4j2ve,payment-form,8,122979,1920,911,1,"Mozilla/5.0 (Windows NT 10.0; Win64; x64) AppleWebKit/537.36 (KHTML, like Gecko) Chrome/132.0.0.0 Safari/537.36",Win32,en-US,GMT+8,305.81500137343676,566.319625624388
n6vo4j2ve,payment-form,52,148777,1920,911,1,"Mozilla/5.0 (Windows NT 10.0; Win64; x64) AppleWebKit/537.36 (KHTML, like Gecko) Chrome/132.0.0.0 Safari/537.36",Win32,en-US,GMT+8,334.68018218657994,430.0393891278577
n6vo4j2ve,payment-form,41,169042,1920,911,1,"Mozilla/5.0 (Windows NT 10.0; Win64; x64) AppleWebKit/537.36 (KHTML, like Gecko) Chrome/132.0.0.0 Safari/537.36",Win32,en-US,GMT+8,483.69427801071646,252.97950015762146
n6vo4j2ve,payment-form,31,179937,1920,911,1,"Mozilla/5.0 (Windows NT 10.0; Win64; x64) AppleWebKit/537.36 (KHTML, like Gecko) Chrome/132.0.0.0 Safari/537.36",Win32,en-US,GMT+8,428.21718893909366,209.33939747055098
aotqmvy61,payment-form,59,25938,1920,951,1,"Mozilla/5.0 (Windows NT 10.0; Win64; x64) AppleWebKit/537.36 (KHTML, like Gecko) Chrome/132.0.0.0 Safari/537.36",Win32,en-US,GMT+8,309.7299648762976,359.8648097991076
aotqmvy61,payment-form,46,53454,1920,951,1,"Mozilla/5.0 (Windows NT 10.0; Win64; x64) AppleWebKit/537.36 (KHTML, like Gecko) Chrome/132.0.0.0 Safari/537.36",Win32,en-US,GMT+8,384.97305960260564,814.7442570797565
aotqmvy61,payment-form,27,62262,1920,951,1,"Mozilla/5.0 (Windows NT 10.0; Win64; x64) AppleWebKit/537.36 (KHTML, like Gecko) Chrome/132.0.0.0 Safari/537.36",Win32,en-US,GMT+8,429.9025715621938,320.4821280176138
aotqmvy61,payment-form,20,67598,1920,951,1,"Mozilla/5.0 (Windows NT 10.0; Win64; x64) AppleWebKit/537.36 (KHTML, like Gecko) Chrome/132.0.0.0 Safari/537.36",Win32,en-US,GMT+8,623.3636443988078,489.45286882735104
xkn3343tu,payment-form,27,24570,1920,947,1,Mozilla/5.0 (Windows NT 10.0; Win64; x64; rv:135.0) Gecko/20100101 Firefox/135.0,Win32,en-US,GMT+8,614.6564494167212,1352.5752295082482
xkn3343tu,payment-form,58,42765,1920,947,1,Mozilla/5.0 (Windows NT 10.0; Win64; x64; rv:135.0) Gecko/20100101 Firefox/135.0,Win32,en-US,GMT+8,291.53278547322384,184.51492310450394
xkn3343tu,payment-form,55,53405,1920,947,1,Mozilla/5.0 (Windows NT 10.0; Win64; x64; rv:135.0) Gecko/20100101 Firefox/135.0,Win32,en-US,GMT+8,0,157.13886533098042
xkn3343tu,payment-form,28,59666,1920,947,1,Mozilla/5.0 (Windows NT 10.0; Win64; x64; rv:135.0) Gecko/20100101 Firefox/135.0,Win32,en-US,GMT+8,755.2098818913993,319.066608541024
xkn3343tu,payment-form,16,65973,1920,947,1,Mozilla/5.0 (Windows NT 10.0; Win64; x64; rv:135.0) Gecko/20100101 Firefox/135.0,Win32,en-US,GMT+8,290.27695295731945,393.61637273986577
xkn3343tu,payment-form,32,75834,1920,947,1,Mozilla/5.0 (Windows NT 10.0; Win64; x64; rv:135.0) Gecko/20100101 Firefox/135.0,Win32,en-US,GMT+8,371.5126165670598,400.63414872403155
xkn3343tu,payment-form,36,110694,1920,947,1,Mozilla/5.0 (Windows NT 10.0; Win64; x64; rv:135.0) Gecko/20100101 Firefox/135.0,Win32,en-US,GMT+8,655.083363499305,412.1088324653069
xkn3343tu,payment-form,39,129560,1920,947,1,Mozilla/5.0 (Windows NT 10.0; Win64; x64; rv:135.0) Gecko/20100101 Firefox/135.0,Win32,en-US,GMT+8,199.58952340653227,325.99126477429
xkn3343tu,payment-form,37,153492,1920,947,1,Mozilla/5.0 (Windows NT 10.0; Win64; x64; rv:135.0) Gecko/20100101 Firefox/135.0,Win32,en-US,GMT+8,732.0595196956292,1038.608983014669
xkn3343tu,payment-form,102,195898,1920,947,1,Mozilla/5.0 (Windows NT 10.0; Win64; x64; rv:135.0) Gecko/20100101 Firefox/135.0,Win32,en-US,GMT+8,470.32537070572204,326.86959897165264
xkn3343tu,payment-form,39,207235,1920,947,1,Mozilla/5.0 (Windows NT 10.0; Win64; x64; rv:135.0) Gecko/20100101 Firefox/135.0,Win32,en-US,GMT+8,446.39469632720767,152.30724160352767
0uoy9vj5y,payment-form,29,9110,1912,920,1,"Mozilla/5.0 (Windows NT 10.0; Win64; x64) AppleWebKit/537.36 (KHTML, like Gecko) Chrome/132.0.0.0 Safari/537.36 Edg/132.0.0.0",Win32,en-US,GMT+8,448.3703850619429,126.39101036070564
0uoy9vj5y,payment-form,33,128749,1912,920,1,"Mozilla/5.0 (Windows NT 10.0; Win64; x64) AppleWebKit/537.36 (KHTML, like Gecko) Chrome/132.0.0.0 Safari/537.36 Edg/132.0.0.0",Win32,en-US,GMT+8,1732.9438961663975,479.39237969635843
0uoy9vj5y,payment-form,33,144625,1912,920,1,"Mozilla/5.0 (Windows NT 10.0; Win64; x64) AppleWebKit/537.36 (KHTML, like Gecko) Chrome/132.0.0.0 Safari/537.36 Edg/132.0.0.0",Win32,en-US,GMT+8,616.0323027724236,368.08321998691747
0uoy9vj5y,payment-form,29,8602,1036,681,1,"Mozilla/5.0 (Windows NT 10.0; Win64; x64) AppleWebKit/537.36 (KHTML, like Gecko) Chrome/132.0.0.0 Safari/537.36 Edg/132.0.0.0",Win32,en-US,GMT+8,326.93723735497525,179.04877271348184
0uoy9vj5y,payment-form,28,19319,1036,681,1,"Mozilla/5.0 (Windows NT 10.0; Win64; x64) AppleWebKit/537.36 (KHTML, like Gecko) Chrome/132.0.0.0 Safari/537.36 Edg/132.0.0.0",Win32,en-US,GMT+8,372.1916194097526,269.4540891744631
0uoy9vj5y,payment-form,25,46516,1036,681,1,"Mozilla/5.0 (Windows NT 10.0; Win64; x64) AppleWebKit/537.36 (KHTML, like Gecko) Chrome/132.0.0.0 Safari/537.36 Edg/132.0.0.0",Win32,en-US,GMT+8,537.9144574805343,482.3102606206922
0uoy9vj5y,payment-form,8,49768,1036,681,1,"Mozilla/5.0 (Windows NT 10.0; Win64; x64) AppleWebKit/537.36 (KHTML, like Gecko) Chrome/132.0.0.0 Safari/537.36 Edg/132.0.0.0",Win32,en-US,GMT+8,441.74201038650517,243.72433407521737
0uoy9vj5y,payment-form,32,56084,1036,681,1,"Mozilla/5.0 (Windows NT 10.0; Win64; x64) AppleWebKit/537.36 (KHTML, like Gecko) Chrome/132.0.0.0 Safari/537.36 Edg/132.0.0.0",Win32,en-US,GMT+8,512.5632202284484,147.77498573841783
0uoy9vj5y,payment-form,25,70641,1036,681,1,"Mozilla/5.0 (Windows NT 10.0; Win64; x64) AppleWebKit/537.36 (KHTML, like Gecko) Chrome/132.0.0.0 Safari/537.36 Edg/132.0.0.0",Win32,en-US,GMT+8,549.4609954586035,197.27503009757723
xkn3343tu,payment-form,24,6126,1280,843,1,Mozilla/5.0 (Windows NT 10.0; Win64; x64; rv:135.0) Gecko/20100101 Firefox/135.0,Win32,en-US,GMT+8,362.8952428475018,116.95086457952296
xkn3343tu,payment-form,8,8534,1280,843,1,Mozilla/5.0 (Windows NT 10.0; Win64; x64; rv:135.0) Gecko/20100101 Firefox/135.0,Win32,en-US,GMT+8,211.46481774624328,167.02902106385892
xkn3343tu,payment-form,46,22738,1280,843,1,Mozilla/5.0 (Windows NT 10.0; Win64; x64; rv:135.0) Gecko/20100101 Firefox/135.0,Win32,en-US,GMT+8,296.87696822995247,214.04878179437117
xkn3343tu,payment-form,50,34003,1280,843,1,Mozilla/5.0 (Windows NT 10.0; Win64; x64; rv:135.0) Gecko/20100101 Firefox/135.0,Win32,en-US,GMT+8,365.4507748565263,161.17073244828768
xkn3343tu,payment-form,48,46615,1280,843,1,Mozilla/5.0 (Windows NT 10.0; Win64; x64; rv:135.0) Gecko/20100101 Firefox/135.0,Win32,en-US,GMT+8,0,191.9188746380721
xkn3343tu,payment-form,44,69057,1280,843,1,Mozilla/5.0 (Windows NT 10.0; Win64; x64; rv:135.0) Gecko/20100101 Firefox/135.0,Win32,en-US,GMT+8,742.5921643584368,588.516337682113
aotqmvy61,payment-form,36,55358,1054,602,1,"Mozilla/5.0 (Windows NT 10.0; Win64; x64) AppleWebKit/537.36 (KHTML, like Gecko) Chrome/132.0.0.0 Safari/537.36",Win32,en-US,GMT+8,1036.6500860919346,829.7156181008136
aotqmvy61,payment-form,103,89270,1054,602,1,"Mozilla/5.0 (Windows NT 10.0; Win64; x64) AppleWebKit/537.36 (KHTML, like Gecko) Chrome/132.0.0.0 Safari/537.36",Win32,en-US,GMT+8,357.5399901150928,566.6981490169105
aotqmvy61,payment-form,69,104103,1054,602,1,"Mozilla/5.0 (Windows NT 10.0; Win64; x64) AppleWebKit/537.36 (KHTML, like Gecko) Chrome/132.0.0.0 Safari/537.36",Win32,en-US,GMT+8,838.0793583805886,97.84844379063864
aotqmvy61,payment-form,37,113925,1054,602,1,"Mozilla/5.0 (Windows NT 10.0; Win64; x64) AppleWebKit/537.36 (KHTML, like Gecko) Chrome/132.0.0.0 Safari/537.36",Win32,en-US,GMT+8,696.6307290019876,407.559266310503
aotqmvy61,payment-form,9,140294,1054,602,1,"Mozilla/5.0 (Windows NT 10.0; Win64; x64) AppleWebKit/537.36 (KHTML, like Gecko) Chrome/132.0.0.0 Safari/537.36",Win32,en-US,GMT+8,1235.6933239901725,749.4882316454342
aotqmvy61,payment-form,8,143385,1054,602,1,"Mozilla/5.0 (Windows NT 10.0; Win64; x64) AppleWebKit/537.36 (KHTML, like Gecko) Chrome/132.0.0.0 Safari/537.36",Win32,en-US,GMT+8,344.11829590096283,172.6982741012516
aotqmvy61,payment-form,12,149278,1054,602,1,"Mozilla/5.0 (Windows NT 10.0; Win64; x64) AppleWebKit/537.36 (KHTML, like Gecko) Chrome/132.0.0.0 Safari/537.36",Win32,en-US,GMT+8,446.6464465539875,174.214126819472
aotqmvy61,payment-form,21,156495,1054,602,1,"Mozilla/5.0 (Windows NT 10.0; Win64; x64) AppleWebKit/537.36 (KHTML, like Gecko) Chrome/132.0.0.0 Safari/537.36",Win32,en-US,GMT+8,0,176.40137313650493
aotqmvy61,payment-form,8,166788,1054,602,1,"Mozilla/5.0 (Windows NT 10.0; Win64; x64) AppleWebKit/537.36 (KHTML, like Gecko) Chrome/132.0.0.0 Safari/537.36",Win32,en-US,GMT+8,160.71612058004646,514.0188593379644
aotqmvy61,payment-form,30,233262,1054,602,1,"Mozilla/5.0 (Windows NT 10.0; Win64; x64) AppleWebKit/537.36 (KHTML, like Gecko) Chrome/132.0.0.0 Safari/537.36",Win32,en-US,GMT+8,404.0822788662215,148.72401400731982
aotqmvy61,payment-form,8,241936,1054,602,1,"Mozilla/5.0 (Windows NT 10.0; Win64; x64) AppleWebKit/537.36 (KHTML, like Gecko) Chrome/132.0.0.0 Safari/537.36",Win32,en-US,GMT+8,511.9736342517934,509.7214525441061
n6vo4j2ve,feedback-form,72,217614,1920,911,1,"Mozilla/5.0 (Windows NT 10.0; Win64; x64) AppleWebKit/537.36 (KHTML, like Gecko) Chrome/132.0.0.0 Safari/537.36",Win32,en-US,GMT+8,681.4324395134028,464.77824956168286
n6vo4j2ve,feedback-form,19,231424,1920,911,1,"Mozilla/5.0 (Windows NT 10.0; Win64; x64) AppleWebKit/537.36 (KHTML, like Gecko) Chrome/132.0.0.0 Safari/537.36",Win32,en-US,GMT+8,299.32968986511617,942.8397413016581
n6vo4j2ve,feedback-form,62,242663,1920,911,1,"Mozilla/5.0 (Windows NT 10.0; Win64; x64) AppleWebKit/537.36 (KHTML, like Gecko) Chrome/132.0.0.0 Safari/537.36",Win32,en-US,GMT+8,496.4735744679083,181.5587810329462
n6vo4j2ve,feedback-form,191,265973,1920,911,1,"Mozilla/5.0 (Windows NT 10.0; Win64; x64) AppleWebKit/537.36 (KHTML, like Gecko) Chrome/132.0.0.0 Safari/537.36",Win32,en-US,GMT+8,429.91458380071845,270.83433314681565
n6vo4j2ve,feedback-form,72,292680,1920,911,1,"Mozilla/5.0 (Windows NT 10.0; Win64; x64) AppleWebKit/537.36 (KHTML, like Gecko) Chrome/132.0.0.0 Safari/537.36",Win32,en-US,GMT+8,505.4403479528739,269.6248696306566
n6vo4j2ve,feedback-form,44,332136,1920,911,1,"Mozilla/5.0 (Windows NT 10.0; Win64; x64) AppleWebKit/537.36 (KHTML, like Gecko) Chrome/132.0.0.0 Safari/537.36",Win32,en-US,GMT+8,571.2762925441323,606.8353474286818
n6vo4j2ve,feedback-form,127,355273,1920,911,1,"Mozilla/5.0 (Windows NT 10.0; Win64; x64) AppleWebKit/537.36 (KHTML, like Gecko) Chrome/132.0.0.0 Safari/537.36",Win32,en-US,GMT+8,342.56409061634463,225.58300493140567
n6vo4j2ve,feedback-form,98,373746,1920,911,1,"Mozilla/5.0 (Windows NT 10.0; Win64; x64) AppleWebKit/537.36 (KHTML, like Gecko) Chrome/132.0.0.0 Safari/537.36",Win32,en-US,GMT+8,446.48238036591204,197.51403339840974
n6vo4j2ve,feedback-form,18,380486,1920,911,1,"Mozilla/5.0 (Windows NT 10.0; Win64; x64) AppleWebKit/537.36 (KHTML, like Gecko) Chrome/132.0.0.0 Safari/537.36",Win32,en-US,GMT+8,1357.51038822862,229.94341112182167
n6vo4j2ve,feedback-form,73,397340,1920,911,1,"Mozilla/5.0 (Windows NT 10.0; Win64; x64) AppleWebKit/537.36 (KHTML, like Gecko) Chrome/132.0.0.0 Safari/537.36",Win32,en-US,GMT+8,598.9847711938945,231.4272432855198
n6vo4j2ve,feedback-form,37,409224,1920,911,1,"Mozilla/5.0 (Windows NT 10.0; Win64; x64) AppleWebKit/537.36 (KHTML, like Gecko) Chrome/132.0.0.0 Safari/537.36",Win32,en-US,GMT+8,463.13079867259245,500.74816863874975
n6vo4j2ve,feedback-form,124,436465,1920,911,1,"Mozilla/5.0 (Windows NT 10.0; Win64; x64) AppleWebKit/537.36 (KHTML, like Gecko) Chrome/132.0.0.0 Safari/537.36",Win32,en-US,GMT+8,428.89475303750163,267.0404311026317
n6vo4j2ve,feedback-form,63,498598,1920,911,1,"Mozilla/5.0 (Windows NT 10.0; Win64; x64) AppleWebKit/537.36 (KHTML, like Gecko) Chrome/132.0.0.0 Safari/537.36",Win32,en-US,GMT+8,1441.3899568078548,81.05129348022706
n6vo4j2ve,feedback-form,49,515651,1920,911,1,"Mozilla/5.0 (Windows NT 10.0; Win64; x64) AppleWebKit/537.36 (KHTML, like Gecko) Chrome/132.0.0.0 Safari/537.36",Win32,en-US,GMT+8,663.4809514112081,401.2711136080656
0uoy9vj5y,feedback-form,23,8493,1912,920,1,"Mozilla/5.0 (Windows NT 10.0; Win64; x64) AppleWebKit/537.36 (KHTML, like Gecko) Chrome/132.0.0.0 Safari/537.36 Edg/132.0.0.0",Win32,en-US,GMT+8,2006.8537389709827,164.29785489764296
0uoy9vj5y,feedback-form,45,17186,1912,920,1,"Mozilla/5.0 (Windows NT 10.0; Win64; x64) AppleWebKit/537.36 (KHTML, like Gecko) Chrome/132.0.0.0 Safari/537.36 Edg/132.0.0.0",Win32,en-US,GMT+8,440.5950952208403,226.1755516524482
0uoy9vj5y,feedback-form,113,40328,1912,920,1,"Mozilla/5.0 (Windows NT 10.0; Win64; x64) AppleWebKit/537.36 (KHTML, like Gecko) Chrome/132.0.0.0 Safari/537.36 Edg/132.0.0.0",Win32,en-US,GMT+8,402.86816667120377,320.95077931412936
0uoy9vj5y,feedback-form,14,52463,1912,920,1,"Mozilla/5.0 (Windows NT 10.0; Win64; x64) AppleWebKit/537.36 (KHTML, like Gecko) Chrome/132.0.0.0 Safari/537.36 Edg/132.0.0.0",Win32,en-US,GMT+8,356.3498733353591,484.10464318735427
0uoy9vj5y,feedback-form,51,62864,1912,920,1,"Mozilla/5.0 (Windows NT 10.0; Win64; x64) AppleWebKit/537.36 (KHTML, like Gecko) Chrome/132.0.0.0 Safari/537.36 Edg/132.0.0.0",Win32,en-US,GMT+8,391.06187718552763,150.3800518685906
0uoy9vj5y,feedback-form,54,149092,1912,920,1,"Mozilla/5.0 (Windows NT 10.0; Win64; x64) AppleWebKit/537.36 (KHTML, like Gecko) Chrome/132.0.0.0 Safari/537.36 Edg/132.0.0.0",Win32,en-US,GMT+8,2141.873446358656,647.2125234818914
0uoy9vj5y,feedback-form,17,154395,1912,920,1,"Mozilla/5.0 (Windows NT 10.0; Win64; x64) AppleWebKit/537.36 (KHTML, like Gecko) Chrome/132.0.0.0 Safari/537.36 Edg/132.0.0.0",Win32,en-US,GMT+8,476.0358662782871,177.359054956323
0uoy9vj5y,feedback-form,29,162768,1912,920,1,"Mozilla/5.0 (Windows NT 10.0; Win64; x64) AppleWebKit/537.36 (KHTML, like Gecko) Chrome/132.0.0.0 Safari/537.36 Edg/132.0.0.0",Win32,en-US,GMT+8,465.13414473704506,414.22375768245286
xkn3343tu,feedback-form,19,6553,1280,843,1,Mozilla/5.0 (Windows NT 10.0; Win64; x64; rv:135.0) Gecko/20100101 Firefox/135.0,Win32,en-US,GMT+8,228.57217696598906,287.43405040692954
xkn3343tu,feedback-form,92,24862,1280,843,1,Mozilla/5.0 (Windows NT 10.0; Win64; x64; rv:135.0) Gecko/20100101 Firefox/135.0,Win32,en-US,GMT+8,562.9360784183095,361.4064283441795
xkn3343tu,feedback-form,193,38021,1280,843,1,Mozilla/5.0 (Windows NT 10.0; Win64; x64; rv:135.0) Gecko/20100101 Firefox/135.0,Win32,en-US,GMT+8,564.4203822669141,161.63689051389227
xkn3343tu,feedback-form,22,22343,1782,879,1,Mozilla/5.0 (Windows NT 10.0; Win64; x64; rv:135.0) Gecko/20100101 Firefox/135.0,Win32,en-US,GMT+8,2301.0743422226815,233.43846028285276
xkn3343tu,feedback-form,98,35251,1782,879,1,Mozilla/5.0 (Windows NT 10.0; Win64; x64; rv:135.0) Gecko/20100101 Firefox/135.0,Win32,en-US,GMT+8,279.11437355639816,111.95021706102506
xkn3343tu,feedback-form,32,115845,1782,879,1,Mozilla/5.0 (Windows NT 10.0; Win64; x64; rv:135.0) Gecko/20100101 Firefox/135.0,Win32,en-US,GMT+8,506.41543588285447,94.70434109491613
xkn3343tu,feedback-form,43,124337,1782,879,1,Mozilla/5.0 (Windows NT 10.0; Win64; x64; rv:135.0) Gecko/20100101 Firefox/135.0,Win32,en-US,GMT+8,605.6578549899225,117.10044722044843
aotqmvy61,feedback-form,43,193691,1920,951,1,"Mozilla/5.0 (Windows NT 10.0; Win64; x64) AppleWebKit/537.36 (KHTML, like Gecko) Chrome/132.0.0.0 Safari/537.36",Win32,en-US,GMT+8,1849.223970514561,93.16873240745899
aotqmvy61,feedback-form,30,8024,1054,602,1,"Mozilla/5.0 (Windows NT 10.0; Win64; x64) AppleWebKit/537.36 (KHTML, like Gecko) Chrome/132.0.0.0 Safari/537.36",Win32,en-US,GMT+8,486.9354922651404,296.59162522262784
aotqmvy61,feedback-form,5,12835,1054,602,1,"Mozilla/5.0 (Windows NT 10.0; Win64; x64) AppleWebKit/537.36 (KHTML, like Gecko) Chrome/132.0.0.0 Safari/537.36",Win32,en-US,GMT+8,443.4794042601863,641.380932052084
aotqmvy61,feedback-form,17,22640,1054,602,1,"Mozilla/5.0 (Windows NT 10.0; Win64; x64) AppleWebKit/537.36 (KHTML, like Gecko) Chrome/132.0.0.0 Safari/537.36",Win32,en-US,GMT+8,296.9781266970399,339.0322394330663
aotqmvy61,feedback-form,13,32830,1054,602,1,"Mozilla/5.0 (Windows NT 10.0; Win64; x64) AppleWebKit/537.36 (KHTML, like Gecko) Chrome/132.0.0.0 Safari/537.36",Win32,en-US,GMT+8,706.2562688962973,707.830895333687
aotqmvy61,feedback-form,50,62606,1054,602,1,"Mozilla/5.0 (Windows NT 10.0; Win64; x64) AppleWebKit/537.36 (KHTML, like Gecko) Chrome/132.0.0.0 Safari/537.36",Win32,en-US,GMT+8,904.545622585485,80.27550436724813
aotqmvy61,feedback-form,46,68629,1054,602,1,"Mozilla/5.0 (Windows NT 10.0; Win64; x64) AppleWebKit/537.36 (KHTML, like Gecko) Chrome/132.0.0.0 Safari/537.36",Win32,en-US,GMT+8,426.2457075227047,84.65752064919653
aotqmvy61,feedback-form,48,104412,1054,602,1,"Mozilla/5.0 (Windows NT 10.0; Win64; x64) AppleWebKit/537.36 (KHTML, like Gecko) Chrome/132.0.0.0 Safari/537.36",Win32,en-US,GMT+8,506.95454221304504,690.5009734870765
aotqmvy61,feedback-form,38,111501,1054,602,1,"Mozilla/5.0 (Windows NT 10.0; Win64; x64) AppleWebKit/537.36 (KHTML, like Gecko) Chrome/132.0.0.0 Safari/537.36",Win32,en-US,GMT+8,444.440405890613,50.98310351883239
xkn3343tu,feedback-form,35,351750,1782,879,1,Mozilla/5.0 (Windows NT 10.0; Win64; x64; rv:135.0) Gecko/20100101 Firefox/135.0,Win32,en-US,GMT+8,1523.3971947731784,264.02354048606315
n6vo4j2ve,feedback-form,73,29588,1242,687,1,"Mozilla/5.0 (Windows NT 10.0; Win64; x64) AppleWebKit/537.36 (KHTML, like Gecko) Chrome/132.0.0.0 Safari/537.36",Win32,en-US,GMT+8,329.97127235218323,499.1751651335541
n6vo4j2ve,feedback-form,64,62313,1242,687,1,"Mozilla/5.0 (Windows NT 10.0; Win64; x64) AppleWebKit/537.36 (KHTML, like Gecko) Chrome/132.0.0.0 Safari/537.36",Win32,en-US,GMT+8,250.07179064539844,378.68074492369385
n6vo4j2ve,feedback-form,41,74338,1242,687,1,"Mozilla/5.0 (Windows NT 10.0; Win64; x64) AppleWebKit/537.36 (KHTML, like Gecko) Chrome/132.0.0.0 Safari/537.36",Win32,en-US,GMT+8,420.5444449401815,287.2252067193964
n6vo4j2ve,feedback-form,81,99309,1242,687,1,"Mozilla/5.0 (Windows NT 10.0; Win64; x64) AppleWebKit/537.36 (KHTML, like Gecko) Chrome/132.0.0.0 Safari/537.36",Win32,en-US,GMT+8,396.43608973772456,90.07840681872655
n6vo4j2ve,feedback-form,54,14054,656,687,1,"Mozilla/5.0 (Windows NT 10.0; Win64; x64) AppleWebKit/537.36 (KHTML, like Gecko) Chrome/132.0.0.0 Safari/537.36",Win32,en-US,GMT+8,626.0240187798203,277.3082228867332
n6vo4j2ve,feedback-form,62,28946,656,687,1,"Mozilla/5.0 (Windows NT 10.0; Win64; x64) AppleWebKit/537.36 (KHTML, like Gecko) Chrome/132.0.0.0 Safari/537.36",Win32,en-US,GMT+8,220.4781025301804,511.17635382887835
n6vo4j2ve,feedback-form,137,65772,656,687,1,"Mozilla/5.0 (Windows NT 10.0; Win64; x64) AppleWebKit/537.36 (KHTML, like Gecko) Chrome/132.0.0.0 Safari/537.36",Win32,en-US,GMT+8,575.4702734658671,669.9571772711766
n6vo4j2ve,feedback-form,4,73161,656,687,1,"Mozilla/5.0 (Windows NT 10.0; Win64; x64) AppleWebKit/537.36 (KHTML, like Gecko) Chrome/132.0.0.0 Safari/537.36",Win32,en-US,GMT+8,487.5720665724889,680.2922574567166
aotqmvy61,feedback-form,19,9322,668,602,1,"Mozilla/5.0 (Windows NT 10.0; Win64; x64) AppleWebKit/537.36 (KHTML, like Gecko) Chrome/132.0.0.0 Safari/537.36",Win32,en-US,GMT+8,444.17903012112714,478.6194524326331
aotqmvy61,feedback-form,59,29498,668,602,1,"Mozilla/5.0 (Windows NT 10.0; Win64; x64) AppleWebKit/537.36 (KHTML, like Gecko) Chrome/132.0.0.0 Safari/537.36",Win32,en-US,GMT+8,552.0697128693811,353.3671181003941
aotqmvy61,feedback-form,6,35377,668,602,1,"Mozilla/5.0 (Windows NT 10.0; Win64; x64) AppleWebKit/537.36 (KHTML, like Gecko) Chrome/132.0.0.0 Safari/537.36",Win32,en-US,GMT+8,454.62803552746084,628.8502524448885
aotqmvy61,feedback-form,31,100751,668,602,1,"Mozilla/5.0 (Windows NT 10.0; Win64; x64) AppleWebKit/537.36 (KHTML, like Gecko) Chrome/132.0.0.0 Safari/537.36",Win32,en-US,GMT+8,190.5524991120904,1503.2940482671897
aotqmvy61,feedback-form,14,115798,668,602,1,"Mozilla/5.0 (Windows NT 10.0; Win64; x64) AppleWebKit/537.36 (KHTML, like Gecko) Chrome/132.0.0.0 Safari/537.36",Win32,en-US,GMT+8,226.97807219399425,1001.7597593158828
aotqmvy61,feedback-form,94,130842,668,602,1,"Mozilla/5.0 (Windows NT 10.0; Win64; x64) AppleWebKit/537.36 (KHTML, like Gecko) Chrome/132.0.0.0 Safari/537.36",Win32,en-US,GMT+8,446.66836912952664,119.62847833701146
aotqmvy61,feedback-form,37,144202,668,602,1,"Mozilla/5.0 (Windows NT 10.0; Win64; x64) AppleWebKit/537.36 (KHTML, like Gecko) Chrome/132.0.0.0 Safari/537.36",Win32,en-US,GMT+8,265.7547094136824,497.83165941019774
aotqmvy61,feedback-form,53,159357,668,602,1,"Mozilla/5.0 (Windows NT 10.0; Win64; x64) AppleWebKit/537.36 (KHTML, like Gecko) Chrome/132.0.0.0 Safari/537.36",Win32,en-US,GMT+8,353.6354321250254,345.93681390678313
xkn3343tu,feedback-form,101,16673,1079,743,1,Mozilla/5.0 (Windows NT 10.0; Win64; x64; rv:135.0) Gecko/20100101 Firefox/135.0,Win32,en-US,GMT+8,304.5636787924241,118.47527168147789
xkn3343tu,feedback-form,153,45333,1079,743,1,Mozilla/5.0 (Windows NT 10.0; Win64; x64; rv:135.0) Gecko/20100101 Firefox/135.0,Win32,en-US,GMT+8,554.0196387000078,245.99021856538857
xkn3343tu,feedback-form,27,53427,1079,743,1,Mozilla/5.0 (Windows NT 10.0; Win64; x64; rv:135.0) Gecko/20100101 Firefox/135.0,Win32,en-US,GMT+8,517.8303431592695,269.8876519490216
xkn3343tu,feedback-form,40,87531,1079,743,1,Mozilla/5.0 (Windows NT 10.0; Win64; x64; rv:135.0) Gecko/20100101 Firefox/135.0,Win32,en-US,GMT+8,356.72292533468345,311.95839588422064
xkn3343tu,feedback-form,47,128469,1079,743,1,Mozilla/5.0 (Windows NT 10.0; Win64; x64; rv:135.0) Gecko/20100101 Firefox/135.0,Win32,en-US,GMT+8,475.3532148087735,374.7968277591189
xkn3343tu,feedback-form,48,135314,1079,743,1,Mozilla/5.0 (Windows NT 10.0; Win64; x64; rv:135.0) Gecko/20100101 Firefox/135.0,Win32,en-US,GMT+8,687.9790725136403,162.6798715471872
xkn3343tu,feedback-form,14,152939,1079,743,1,Mozilla/5.0 (Windows NT 10.0; Win64; x64; rv:135.0) Gecko/20100101 Firefox/135.0,Win32,en-US,GMT+8,535.5559881811487,228.9790564309838
xkn3343tu,feedback-form,32,170469,1079,743,1,Mozilla/5.0 (Windows NT 10.0; Win64; x64; rv:135.0) Gecko/20100101 Firefox/135.0,Win32,en-US,GMT+8,364.6586637540961,916.3963683091265
0uoy9vj5y,feedback-form,37,10814,1036,681,1,"Mozilla/5.0 (Windows NT 10.0; Win64; x64) AppleWebKit/537.36 (KHTML, like Gecko) Chrome/132.0.0.0 Safari/537.36 Edg/132.0.0.0",Win32,en-US,GMT+8,225.28373838608923,225.1335594680754
0uoy9vj5y,feedback-form,39,20181,1036,681,1,"Mozilla/5.0 (Windows NT 10.0; Win64; x64) AppleWebKit/537.36 (KHTML, like Gecko) Chrome/132.0.0.0 Safari/537.36 Edg/132.0.0.0",Win32,en-US,GMT+8,426.2137935994695,335.5661070316334
0uoy9vj5y,feedback-form,4,23588,1036,681,1,"Mozilla/5.0 (Windows NT 10.0; Win64; x64) AppleWebKit/537.36 (KHTML, like Gecko) Chrome/132.0.0.0 Safari/537.36 Edg/132.0.0.0",Win32,en-US,GMT+8,594.8678813642744,560.3715037564117
0uoy9vj5y,feedback-form,30,32149,1036,681,1,"Mozilla/5.0 (Windows NT 10.0; Win64; x64) AppleWebKit/537.36 (KHTML, like Gecko) Chrome/132.0.0.0 Safari/537.36 Edg/132.0.0.0",Win32,en-US,GMT+8,211.7307310369342,189.17783189596005
0uoy9vj5y,feedback-form,27,61859,1036,681,1,"Mozilla/5.0 (Windows NT 10.0; Win64; x64) AppleWebKit/537.36 (KHTML, like Gecko) Chrome/132.0.0.0 Safari/537.36 Edg/132.0.0.0",Win32,en-US,GMT+8,439.4089892953321,783.2360764669168
0uoy9vj5y,feedback-form,35,78451,1036,681,1,"Mozilla/5.0 (Windows NT 10.0; Win64; x64) AppleWebKit/537.36 (KHTML, like Gecko) Chrome/132.0.0.0 Safari/537.36 Edg/132.0.0.0",Win32,en-US,GMT+8,260.68232561132413,913.4722530506472
0uoy9vj5y,feedback-form,52,90820,1036,681,1,"Mozilla/5.0 (Windows NT 10.0; Win64; x64) AppleWebKit/537.36 (KHTML, like Gecko) Chrome/132.0.0.0 Safari/537.36 Edg/132.0.0.0",Win32,en-US,GMT+8,341.68734094403,203.99237458515182
0uoy9vj5y,feedback-form,65,107860,1036,681,1,"Mozilla/5.0 (Windows NT 10.0; Win64; x64) AppleWebKit/537.36 (KHTML, like Gecko) Chrome/132.0.0.0 Safari/537.36 Edg/132.0.0.0",Win32,en-US,GMT+8,460.51277464845367,501.7620161487011
0uoy9vj5y,feedback-form,15,115416,1036,681,1,"Mozilla/5.0 (Windows NT 10.0; Win64; x64) AppleWebKit/537.36 (KHTML, like Gecko) Chrome/132.0.0.0 Safari/537.36 Edg/132.0.0.0",Win32,en-US,GMT+8,287.5913458142072,216.89187798231143
0uoy9vj5y,feedback-form,22,122970,1036,681,1,"Mozilla/5.0 (Windows NT 10.0; Win64; x64) AppleWebKit/537.36 (KHTML, like Gecko) Chrome/132.0.0.0 Safari/537.36 Edg/132.0.0.0",Win32,en-US,GMT+8,404.75191679839406,348.96754099944854
